"","ID","publication_year","journal","first_author","doi","informal_citation","impact_factor_2016","study_focus","geographic_extent_of_study","tense_description","climate_date_range","climate_date_min","climate_date_max","climate_data_source","citation_type","description_access_to_source","source_sufficient"
"15",15,1980,"American_Naturalist","Kambysellis",NA,"http://www.jstor.org/stable/2460832",4.809,"weather effects","site","implicit past",TRUE,"1967","1972","site data","","",""
"18",18,1980,"American_Naturalist","Caraco",NA,"http://www.jstor.org/stable/2460597",4.809,"weather effects","site","past",TRUE,"1975","1976","site data","","",""
"19",19,1980,"American_Naturalist","Inger",NA,"http://www.jstor.org/stable/2460798",4.809,"weather effects","regional","past",TRUE,"1967","1973","multiple sources","","",""
"22",22,1980,"Nature","Garfinkel","doi:10.1038/286872a0","nature/journal/v286/n5776/pdf/,DanaInfo=www.nature.com+286872a0.pdf",4.809,"weather effects","site","inconsistent",TRUE,"1906","1930","station data","","",""
"23",23,1980,"Ecology","Nobel","10.2307/1937146","http://www.jstor.org/stable/1937146",8.502,"general ecology","site","present",FALSE,NA,NA,"multiple sources","","",""
"36",36,1980,"Ecology","Tobiessen","10.2307/1937150","http://www.jstor.org/stable/1937150",8.502,"general ecology","site","past",FALSE,NA,NA,"site data","","",""
"41",41,1980,"Ecology","DeWoskin","10.2307/1937151","http://www.jstor.org/stable/1937151",8.502,"general ecology","site","past",TRUE,"1978","1978","site data","","",""
"47",47,1980,"Ecology","Janos","10.2307/1937165","http://www.jstor.org/stable/1937165",8.502,"general ecology","site","present",FALSE,NA,NA,"not_specified","","",""
"49",49,1980,"Ecology","Coenen-Stass","10.2307/1935180","http://www.jstor.org/stable/1935180",8.502,"weather effects","site","implicit present",FALSE,NA,NA,"site data","","",""
"53",53,1980,"Ecology","Nobel2","10.2307/1935182","http://www.jstor.org/stable/1935182",8.502,"weather effects","site","past",TRUE,"1977","1978","multiple sources","","",""
"56",56,1980,"Ecology","Ferguson","10.2307/1935190","http://www.jstor.org/stable/1935190",5.813,"weather effects","site","unclear",FALSE,NA,NA,"station data","","",""
"62",62,1980,"Ecology","Delcourt","10.2307/1935195","http://www.jstor.org/stable/1935195",5.813,"general ecology","site","present",TRUE,"1931","1955","station data","","",""
"64",64,1980,"Ecology","Reich","10.2307/1935197","http://www.jstor.org/stable/1935197",5.813,"general ecology","site","present",FALSE,NA,NA,"not_specified","","",""
"67",67,1980,"Journal_of_Ecology","Taylor","10.2307/2259243","http://www.jstor.org/stable/2259243",5.813,"weather effects","site","past",TRUE,"1966","1970","site data","","",""
"68",68,1980,"Journal_of_Ecology","Smith","10.2307/2259244","http://www.jstor.org/stable/2259244",5.813,"weather effects","site","implicit past",TRUE,"1970","1973","station data","","",""
"69",69,1980,"Journal_of_Ecology","Braswell","10.2307/2259247","http://www.jstor.org/stable/2259247",5.813,"weather effects","site","present",FALSE,NA,NA,"station data","","",""
"71",71,1980,"Journal_of_Ecology","Opler","10.2307/2259250","http://www.jstor.org/stable/2259250",5.813,"weather effects","site","present",FALSE,NA,NA,"not_specified","","",""
"73",73,1980,"Journal_of_Ecology","Solbrig","10.2307/2259420","http://www.jstor.org/stable/2259420",5.813,"weather effects","site","past",TRUE,"1977","1978","site data","","",""
"75",75,1980,"Journal_of_Ecology","Primack","10.2307/2259460","http://www.jstor.org/stable/2259460",5.813,"general ecology","site","present",FALSE,NA,NA,"not_specified","","",""
"76",76,1981,"Nature","Ryden","doi:10.1038/292235a0","http://www.nature.com/nature/journal/v292/n5820/pdf/292235a0.pdf",4.809,"weather effects","site","past",TRUE,"1980","1980","site data","","",""
"78",78,1981,"Journal_of_Ecology","Klemow","10.2307/2259814","http://www.jstor.org/stable/2259814",5.813,"general ecology","site","implicit present",FALSE,NA,NA,"station data","","",""
"79",79,1981,"Journal_of_Ecology","Phillips","10.2307/2259818","http://www.jstor.org/stable/2259818",5.813,"general ecology","regional","present",FALSE,NA,NA,"not_specified","","",""
"81",111,1990,"American_Naturalist","Kadmon",NA,"http://www.jstor.org/stable/2462253",4.391,"general ecology","site","present",FALSE,NA,NA,"site data","atlas or book","no","no"
"82",82,1981,"Journal_of_Ecology","Kalin Arroyo","10.2307/2259826","http://www.jstor.org/stable/2259826",5.813,"weather effects","regional","present",TRUE,"1979","1980","station data","","",""
"85",85,1981,"Journal_of_Ecology","Douglas","10.2307/2259832","http://www.jstor.org/stable/2259832",5.813,"general ecology","site","implicit past",TRUE,"1975","1976","site data","","",""
"89",89,1981,"Journal_of_Ecology","Cohen","10.2307/2259675","http://www.jstor.org/stable/2259675",5.813,"weather effects","regional","implicit present",FALSE,NA,NA,"station data","","",""
"95",95,1982,"PNAS","Diamond","","http://www.pnas.org/content/79/7/2420.abstract",4.809,"general ecology","regional","present",FALSE,NA,NA,"not_specified","","",""
"108",108,1982,"American_Naturalist","McInnis",NA,"http://www.jstor.org/stable/2460931",4.809,"general ecology","site","implicit past",TRUE,"1977","1977","multiple sources","","",""
"109",138,1990,"Ecology","Phillips","10.2307/1940260","http://www.jstor.org/stable/1940260",9.449,"general ecology","site","present",TRUE,"Jun-83","Sep-83","site data","atlas or book","no","unclear"
"111",255,1998,"Diversity_and_Distributions","Pysek","","http://www.jstor.org/stable/2999808",5.813,"climate change effects","regional","implicit present",FALSE,NA,NA,"not_specified","atlas or book","no","no"
"114",114,1990,"American_Naturalist","Stamps",NA," http://www.jstor.org/stable/2462026",4.391,"general ecology","site","present",FALSE,NA,NA,"not_specified","","",""
"117",117,1990,"American_Naturalist","Stephenson",NA,"http://www.jstor.org/stable/2462028",4.391,"general ecology","regional","inconsistent",FALSE,NA,NA,"not_specified","","",""
"122",122,1990,"American_Naturalist","Srygley",NA,"http://www.jstor.org/stable/2462313",4.391,"weather effects","site","unclear",TRUE,"1985","1987","site data","","",""
"131",131,1990,"American_Naturalist","Beissinger",NA,"http://www.jstor.org/stable/2556344",4.391,"general ecology","regional","present",FALSE,NA,NA,"not_specified","","",""
"132",186,1991,"Nature","Dawson","10.1038/350335a0","http://www.nature.com/nature/journal/v350/n6316/pdf/350335a0.pdf",9.449,"general ecology","site","present",FALSE,NA,NA,"not_specified","atlas or book","no","no"
"133",133,1990,"Nature","Adams","10.1038/345219a0","http://www.nature.com/nature/journal/v345/n6272/pdf/345219a0.pdf",9.449,"climate change effects","continental","past",TRUE,"1951","1980","station data","","",""
"134",666,2015,"GCB","Leonardi","10.1111/gcb.12681","",9.661,"general ecology","global","implicit past",TRUE,"1970","2006","name_of_GCM","database","yes","yes"
"137",137,1990,"Ecology","Day","10.2307/1940258","http://www.jstor.org/stable/1940258",9.449,"general ecology","site","inconsistent",TRUE,"1986","1987","not_specified","","",""
"138",667,2015,"GCB","Nowacki","10.1111/gcb.12663","",9.661,"climate change effects","continental","implicit present",FALSE,NA,NA,"atlas","database","yes","yes"
"139",139,1990,"Ecology","Carson","10.2307/1940262","http://www.jstor.org/stable/1940262",9.449,"general ecology","site","present",TRUE,"1951","1980","multiple sources","","",""
"140",140,1990,"Ecology","Oates","10.2307/1940272","http://www.jstor.org/stable/1940272",9.449,"general ecology","regional","past",TRUE,"1949","1986","regional","","",""
"142",759,2015,"Journal_of_Ecology","Steinkamp","10.1111/1365-2745.12335","",9.661,"climate change effects","global","implicit past",TRUE,"1901","2006","name_of_GCM","","",""
"143",143,1990,"Journal_of_Ecology","Read","10.2307/2261039","http://www.jstor.org/stable/2261039",40.137,"weather effects","regional","implicit present",FALSE,NA,NA,"multiple sources","","",""
"147",147,1990,"Journal_of_Ecology","Duke","10.2307/2261040","http://www.jstor.org/stable/2261040",40.137,"weather effects","continental","inconsistent",TRUE,"1973","1983","station data","","",""
"153",153,1990,"Journal_of_Ecology","Carlsson","10.2307/2261042","http://www.jstor.org/stable/2261042",40.137,"general ecology","site","present",FALSE,NA,NA,"station data","","",""
"163",163,1990,"Journal_of_Ecology","van Wilgen","10.2307/2261046","http://www.jstor.org/stable/2261046",40.137,"general ecology","site","present",FALSE,NA,NA,"not_specified","","",""
"169",169,1990,"Journal_of_Ecology","Hegarty","10.2307/2261113","http://www.jstor.org/stable/2261113",40.137,"general ecology","site","present",FALSE,NA,NA,"not_specified","","",""
"170",170,1990,"Journal_of_Ecology","Ohsawa","10.2307/2261115","http://www.jstor.org/stable/2261115",40.137,"general ecology","continental","present",FALSE,NA,NA,"station data","","",""
"175",175,1990,"Journal_of_Ecology","Williams-Linera","10.2307/2261117","http://www.jstor.org/stable/2261117",40.137,"general ecology","site","present",FALSE,NA,NA,"not_specified","","",""
"176",176,1990,"Journal_of_Ecology","Powell","10.2307/2261118","http://www.jstor.org/stable/2261118",40.137,"general ecology","site","present",FALSE,NA,NA,"station data","","",""
"178",178,1990,"Journal_of_Ecology","Fowler","10.2307/2261119","http://www.jstor.org/stable/2261119",40.137,"general ecology","site","present",FALSE,NA,NA,"not_specified","","",""
"180",180,1990,"Journal_of_Ecology","Johnson","10.2307/2261120","http://www.jstor.org/stable/2261120",40.137,"climate change effects","regional","present",TRUE,"1950","1980","not_specified","","",""
"182",182,1990,"Journal_of_Ecology","Whitney","10.2307/2261123","http://www.jstor.org/stable/2261123",40.137,"general ecology","regional","present",FALSE,NA,NA,"not_specified","","",""
"183",183,1990,"Journal_of_Ecology","Maltby","10.2307/2261126","http://www.jstor.org/stable/2261126",40.137,"general ecology","regional","present",TRUE,"1941","1970","not_specified","","",""
"186",668,2015,"GCB","Wilcox","10.1111/gcb.12673","",9.661,"general ecology","regional","present",FALSE,NA,NA,"not_specified","incomplete","no","no"
"198",504,2010,"Journal_of_Ecology","Tecco","10.1111/j.1365-2745.2009.01592.x","http://onlinelibrary.wiley.com/doi/10.1111/j.1365-2745.2009.01592.x/full",4.391,"general ecology","regional","present",FALSE,NA,NA,"not_specified","multiple","no","no"
"201",201,1992,"PNAS","Daniels","10.1073/pnas.89.12.5311","http://www.pnas.org/content/89/12/5311.full.pdf+html?sid=59da80b8-b2d0-40cb-8001-3fe321b2efd0",4.167,"general ecology","regional","present",FALSE,NA,NA,"not_specified","","",""
"211",211,1992,"PNAS","Comstock","10.1073/pnas.89.16.7747","http://www.pnas.org/content/89/16/7747.full.pdf+html?sid=078bc152-f6e0-45ee-a3df-aab21c2a4131",4.167,"general ecology","regional","implicit present",FALSE,NA,NA,"not_specified","","",""
"212",212,1993,"Nature","Hendrick","10.1038/361059a0","http://www.nature.com/nature/journal/v361/n6407/pdf/361059a0.pdf",9.449,"general ecology","site","past",TRUE,"1989","1990","site data","","",""
"216",526,2010,"PNAS","Forister","10.1073/pnas.0909686107","http://www.pnas.org/content/107/5/2088.full.pdf",4.809,"climate change effects","regional","implicit past",TRUE,"1970","2007","multiple sources","multiple","yes","yes"
"227",227,1995,"GCB","POLLARD","10.1111/j.1365-2486.1995.tb00010.x","http://onlinelibrary.wiley.com/doi/10.1111/j.1365-2486.1995.tb00010.x/abstract",4.167,"weather effects","regional","past",TRUE,"1900","1960","not_specified","","",""
"233",233,1995,"GCB","SELIGMAN","10.1111/j.1365-2486.1995.tb00016.x","http://onlinelibrary.wiley.com/doi/10.1111/j.1365-2486.1995.tb00016.x/abstract",4.167,"climate change effects","global","implicit present",FALSE,NA,NA,"not_specified","","",""
"235",235,1995,"GCB","VICTORIA","10.1111/j.1365-2486.1995.tb00018.x","http://onlinelibrary.wiley.com/doi/10.1111/j.1365-2486.1995.tb00018.x/abstract",4.167,"climate change effects","site","present",FALSE,NA,NA,"not_specified","","",""
"237",237,1995,"GCB","MASSMAN","10.1111/j.1365-2486.1995.tb00020.x","http://onlinelibrary.wiley.com/store/10.1111/j.1365-2486.1995.tb00020.x/asset/j.1365-2486.1995.tb00020.x.pdf?v=1&t=i4nb07ql&s=2fd5660aa57b628911415c10a3e425f36a76eb70",4.167,"general ecology","site","implicit past",FALSE,NA,NA,"not_specified","","",""
"240",240,1995,"GCB","ETTL","10.1111/j.1365-2486.1995.tb00023.x","http://onlinelibrary.wiley.com/doi/10.1111/j.1365-2486.1995.tb00023.x/abstract",4.167,"climate change effects","regional","present",TRUE,"1895","1990","station data","","",""
"246",246,1995,"GCB","ZHOU","10.1111/j.1365-2486.1995.tb00029.x","http://onlinelibrary.wiley.com/doi/10.1111/j.1365-2486.1995.tb00029.x/abstract",4.167,"weather effects","regional","implicit past",TRUE,"1965","1995","station data","","",""
"249",249,1995,"GCB","WILKS","10.1111/j.1365-2486.1995.tb00032.x","http://onlinelibrary.wiley.com/doi/10.1111/j.1365-2486.1995.tb00032.x/abstract",4.167,"climate change effects","continental","implicit past",TRUE,"1952","1974","station data","","",""
"252",252,1995,"GCB","JONGEN","10.1111/j.1365-2486.1995.tb00034.x","http://onlinelibrary.wiley.com/store/10.1111/j.1365-2486.1995.tb00034.x/asset/j.1365-2486.1995.tb00034.x.pdf?v=1&t=i4nd2xmw&s=4ffdaae6aff7a6087bda9620e6ed102891ce33f1",4.167,"general ecology","site","implicit past",TRUE,"1993","1993","station data","","",""
"253",253,1995,"GCB","KIMBALL","10.1111/j.1365-2486.1995.tb00041.x","http://onlinelibrary.wiley.com/doi/10.1111/j.1365-2486.1995.tb00041.x/abstract",4.167,"general ecology","site","past",TRUE,"1993","1993","site data","","",""
"254",254,1995,"GCB","GRANT","10.1111/j.1365-2486.1995.tb00042.x","http://onlinelibrary.wiley.com/doi/10.1111/j.1365-2486.1995.tb00042.x/abstract",4.167,"weather effects","site","past",TRUE,"1993","1993","site data","","",""
"255",568,2010,"American_Naturalist","Siewert","10.1086/656271","http://www.jstor.org/stable/10.1086/656271",8.502,"weather effects","regional","present",TRUE,"1978","2008","multiple sources","multiple","no","unclear"
"257",257,1998,"Diversity_and_Distributions","Iverson","10.1046/j.1472-4642.1998.00007.x","http://www.jstor.org/stable/2999798",5.813,"weather effects","regional","implicit past",TRUE,"1941","1970","station data","","",""
"259",259,1998,"Diversity_and_Distributions","Yom-Tov","10.1046/j.1472-4642.1998.00012.x","http://www.jstor.org/stable/2999799",5.813,"general ecology","regional","present",FALSE,NA,NA,"not_specified","","",""
"260",260,1998,"Diversity_and_Distributions","Milton","10.1046/j.1472-4642.1998.00024.x","http://www.jstor.org/stable/2999790",5.813,"general ecology","regional","implicit past",FALSE,NA,NA,"not_specified","","",""
"261",261,1999,"Ecology_Letters","Oberdorff","10.1046/j.1461-0248.1999.t01-2-22051.x","http://onlinelibrary.wiley.com/doi/10.1046/j.1461-0248.1999.t01-2-22051.x/abstract",4.391,"general ecology","global","implicit present",FALSE,NA,NA,"not_specified","","",""
"263",570,2010,"Ecology","Bridgeland","10.2307/25661025","http://www.jstor.org/stable/25661025",5.813,"general ecology","site","past",FALSE,NA,NA,"station data","multiple","yes","yes"
"265",265,1999,"Diversity_and_Distributions","Lavorel","10.1046/j.1472-4642.1999.00034.x","http://www.jstor.org/stable/2673312",5.813,"general ecology","site","present",FALSE,NA,NA,"not_specified","","",""
"271",271,1999,"Diversity_and_Distributions","Honnay","10.1046/j.1472-4642.1999.00047.x","http://www.jstor.org/stable/2673405",5.813,"general ecology","site","inconsistent",FALSE,NA,NA,"station data","","",""
"272",272,1999,"Diversity_and_Distributions","Vlok","10.1046/j.1472-4642.1999.00055.x","http://www.jstor.org/stable/2673300",5.813,"general ecology","site","inconsistent",FALSE,NA,NA,"station data","","",""
"274",274,1999,"Diversity_and_Distributions","Kondo","10.1046/j.1472-4642.1999.00056.x","http://www.jstor.org/stable/2673301",5.813,"general ecology","site","present",FALSE,NA,NA,"station data","","",""
"277",277,1999,"Diversity_and_Distributions","Gottfried","10.1046/j.1472-4642.1999.00058.x","http://www.jstor.org/stable/2673338",5.813,"climate change effects","site","past",TRUE,"Aug-97","Aug-98","site data","","",""
"278",278,2000,"Journal_of_Ecology","Donovan","10.1046/j.1365-2745.2000.00411.x","http://onlinelibrary.wiley.com/doi/10.1046/j.1365-2745.2000.00411.x/full",4.167,"general ecology","site","past",FALSE,NA,NA,"station data","","",""
"279",279,2000,"Journal_of_Ecology","Austin","10.1046/j.1365-2745.2000.00437.x","http://onlinelibrary.wiley.com/doi/10.1046/j.1365-2745.2000.00437.x/full",4.167,"general ecology","regional","present",FALSE,NA,NA,"atlas","","",""
"280",280,2000,"Journal_of_Ecology","Sherman","10.1046/j.1365-2745.2000.00439.x","http://onlinelibrary.wiley.com/doi/10.1046/j.1365-2745.2000.00439.x/full",4.167,"general ecology","site","present",FALSE,NA,NA,"not_specified","","",""
"281",281,2000,"Journal_of_Ecology","Cabin","10.1046/j.1365-2745.2000.00443.x","http://onlinelibrary.wiley.com/doi/10.1046/j.1365-2745.2000.00443.x/full",4.167,"weather effects","site","past",TRUE,"1993","1993","not_specified","","",""
"282",282,2000,"Journal_of_Ecology","Rousset","10.1046/j.1365-2745.2000.00457.x","http://onlinelibrary.wiley.com/doi/10.1046/j.1365-2745.2000.00457.x/full",4.167,"general ecology","site","present",FALSE,NA,NA,"not_specified","","",""
"283",283,2000,"PNAS","Inouye","10.1073/pnas.97.4.1630","http://www.pnas.org/content/97/4/1630.full",4.391,"climate change effects","site","past",TRUE,"1975","1999","multiple sources","","",""
"284",284,2000,"PNAS","Nakano","10.1073/pnas.98.1.166","http://www.pnas.org/content/98/1/166.full",4.391,"general ecology","site","past",TRUE,"1997","1998","site data","","",""
"285",285,2000,"Nature","Barber","10.1038/35015049","www.nature.com/nature/journal/v405/n6787/full/405668a0.html",4.391,"climate change effects","regional","implicit past",TRUE,"1906","1998","station data","","",""
"291",291,2000,"Nature","Oechel","10.1038/35023137","www.nature.com/nature/journal/v406/n6799/full/406978a0.html",4.391,"climate change effects","regional","past",TRUE,"1960","1998","regional","","",""
"296",296,2000,"Nature","Smith","10.1038/35040544","http://www.nature.com/nature/journal/v408/n6808/full/408079a0.html",4.391,"weather effects","site","implicit present",TRUE,"1998","1998","not_specified","","",""
"297",307,2000,"Nature","Karels","10.1038/35044064","http://www.nature.com/nature/journal/v408/n6811/full/408460a0.html",4.391,"general ecology","site","implicit present",FALSE,NA,NA,"station data","","",""
"302",312,2000,"Nature","Kiesecker","10.1038/35070500","http://www.nature.com/nature/journal/v410/n6829/full/410681a0.html",4.391,"weather effects","regional","implicit past",TRUE,"1990","1999","multiple sources","","",""
"309",319,2000,"Ecology_Letters","Lord","10.1046/j.1461-0248.2000.00150.x","http://onlinelibrary.wiley.com/doi/10.1046/j.1461-0248.2000.00150.x/pdf",4.809,"general ecology","site","present",FALSE,NA,NA,"not_specified","","",""
"316",326,2000,"Ecology_Letters","Curtin","10.1046/j.1461-0248.2000.00166.x","http://onlinelibrary.wiley.com/doi/10.1046/j.1461-0248.2000.00166.x/pdf",4.809,"weather effects","regional","implicit past",TRUE,"1867","1992","station data","","",""
"318",328,2000,"Ecology_Letters","Prieur-Richard","10.1046/j.1461-0248.2000.00157.x","http://onlinelibrary.wiley.com/doi/10.1046/j.1461-0248.2000.00157.x/pdf",4.809,"general ecology","site","past",FALSE,NA,NA,"not_specified","","",""
"319",329,2000,"Ecology_Letters","Rillig","10.1111/j.1461-0248.2000.00178.x","http://onlinelibrary.wiley.com/doi/10.1111/j.1461-0248.2000.00178.x/pdf",4.809,"general ecology","site","present",FALSE,NA,NA,"not_specified","","",""
"321",331,2000,"Ecology","Connell","","http://dx.doi.org/10.1890/0012-9658(2000)081[0568:SDOTTY]2.0.CO;2",4.809,"climate change effects","site","inconsistent",TRUE,"1968","1998","station data","","",""
"322",332,2000,"Ecology","Herwitz","","http://dx.doi.org/10.1890/0012-9658(2000)081[0585:LTSACA]2.0.CO;2",4.809,"general ecology","site","present",FALSE,NA,NA,"not_specified","","",""
"324",334,2000,"Ecology","McLachlan","","http://dx.doi.org/10.1890/0012-9658(2000)081[0717:ATTLSS]2.0.CO;2",4.809,"general ecology","site","present",FALSE,NA,NA,"not_specified","","",""
"327",337,2000,"Ecology","Cater","","http://dx.doi.org/10.1890/0012-9658(2000)081[1086:DEOCOM]2.0.CO;2",4.809,"general ecology","site","past",TRUE,"1988","1997","multiple sources","","",""
"334",344,2000,"Ecology","Garten","","http://dx.doi.org/10.1890/0012-9658(2000)081[1108:CCOFSC]2.0.CO;2",4.809,"general ecology","site","inconsistent",FALSE,NA,NA,"multiple sources","","",""
"346",356,2000,"Ecology","Hansen","","http://dx.doi.org/10.1890/0012-9658(2000)081[1120:EOHCAC]2.0.CO;2",4.809,"general ecology","site","present",FALSE,NA,NA,"not_specified","","",""
"347",357,2000,"Ecology","Grosholz","","http://dx.doi.org/10.1890/0012-9658(2000)081[1120:EOHCAC]2.0.CO;2",4.809,"weather effects","site","past",TRUE,"1968","1996","station data","","",""
"348",358,2000,"Ecology","Bradshaw","","http://dx.doi.org/10.1890/0012-9658(2000)081[1262:ATTTCO]2.0.CO;2",4.809,"weather effects","regional","implicit present",FALSE,NA,NA,"multiple sources","","",""
"350",360,2000,"Ecology","Gebauer","","http://dx.doi.org/10.1890/0012-9658(2000)081[1415:WANUPF]2.0.CO;2",4.809,"weather effects","site","present",FALSE,NA,NA,"not_specified","","",""
"356",366,2000,"Ecology","Egerton","","http://dx.doi.org/10.1890/0012-9658(2000)081[1437:FOSERI]2.0.CO;2",4.809,"general ecology","site","present",FALSE,NA,NA,"regional","","",""
"367",377,2000,"Ecology","Niklasson","","http://dx.doi.org/10.1890/0012-9658(2000)081[1484:NASOFL]2.0.CO;2",4.809,"general ecology","regional","present",FALSE,NA,NA,"not_specified","","",""
"371",381,2000,"Ecology","Bergeron","","http://dx.doi.org/10.1890/0012-9658(2000)081[1500:SASDIT]2.0.CO;2",4.809,"general ecology","site","present",TRUE,"1961","1990","station data","","",""
"372",382,2000,"Diversity_and_Distributions","Harrison","10.1046/j.1472-4642.2000.00082.x","http://onlinelibrary.wiley.com/doi/10.1046/j.1472-4642.2000.00082.x/abstract",8.502,"general ecology","regional","implicit present",TRUE,"1961","1990","name_of_GCM","","",""
"373",383,2000,"Diversity_and_Distributions","Lambrinos","10.1046/j.1472-4642.2000.00086.x","http://onlinelibrary.wiley.com/doi/10.1046/j.1472-4642.2000.00086.x/abstract",8.502,"general ecology","site","present",FALSE,NA,NA,"not_specified","","",""
"375",385,2000,"Diversity_and_Distributions","Vlok","10.1046/j.1472-4642.2000.00087.x","http://onlinelibrary.wiley.com/doi/10.1046/j.1472-4642.2000.00087.x/abstract",8.502,"general ecology","site","present",FALSE,NA,NA,"not_specified","","",""
"376",386,2000,"GCB","Camill","10.1046/j.1365-2486.2000.00293.x","http://onlinelibrary.wiley.com/doi/10.1046/j.1365-2486.2000.00293.x/abstract",5.813,"climate change effects","regional","present",TRUE,"1951","1980","station data","","",""
"377",387,2000,"GCB","Grant","10.1046/j.1365-2486.2000.00288.x","http://onlinelibrary.wiley.com/doi/10.1046/j.1365-2486.2000.00288.x/abstract",5.813,"climate change effects","site","past",TRUE,"1994","1996","station data","","",""
"380",390,2000,"GCB","White","10.1046/j.1365-2486.2000.00302.x","http://onlinelibrary.wiley.com/doi/10.1046/j.1365-2486.2000.00302.x/abstract",5.813,"climate change effects","continental","past",TRUE,"1860","2100","name_of_GCM","","",""
"382",392,2000,"GCB","Rodó","10.1046/j.1365-2486.2000.00299.x","http://onlinelibrary.wiley.com/doi/10.1046/j.1365-2486.2000.00299.x/abstract",5.813,"climate change effects","regional","inconsistent",TRUE,"1964","1994","station data","","",""
"384",394,2000,"GCB","Pendall","10.1046/j.1365-2486.2000.00304.x","http://onlinelibrary.wiley.com/doi/10.1046/j.1365-2486.2000.00304.x/abstract",5.813,"weather effects","regional","present",TRUE,"1903","1996","multiple sources","","",""
"385",395,2000,"GCB","Starr","10.1046/j.1365-2486.2000.00316.x","http://onlinelibrary.wiley.com/doi/10.1046/j.1365-2486.2000.00316.x/full",5.813,"weather effects","site","past",TRUE,"1995","1996","station data","","",""
"398",408,2000,"GCB","Roy","10.1046/j.1365-2486.2000.00322.x","http://onlinelibrary.wiley.com/doi/10.1046/j.1365-2486.2000.00322.x/abstract",5.813,"climate change effects","regional","past",TRUE,"1659","1998","regional","","",""
"399",409,2000,"GCB","Osborne","10.1046/j.1365-2486.2000.00336.x","http://onlinelibrary.wiley.com/doi/10.1046/j.1365-2486.2000.00336.x/full",5.813,"climate change effects","regional","past",TRUE,"1901","1995","multiple sources","","",""
"403",413,2000,"GCB","Griffis","10.1046/j.1365-2486.2000.00330.x","http://onlinelibrary.wiley.com/doi/10.1046/j.1365-2486.2000.00330.x/full",5.813,"general ecology","site","implicit present",FALSE,NA,NA,"not_specified","","",""
"405",415,2000,"GCB","Kleidon","10.1046/j.1365-2486.2000.00332.x","http://onlinelibrary.wiley.com/doi/10.1046/j.1365-2486.2000.00332.x/full",5.813,"general ecology","global","implicit present",FALSE,NA,NA,"name_of_GCM","","",""
"406",416,2000,"GCB","Rupp","10.1046/j.1365-2486.2000.00337.x","http://onlinelibrary.wiley.com/doi/10.1046/j.1365-2486.2000.00337.x/full",5.813,"climate change effects","regional","present",FALSE,NA,NA,"not_specified","","",""
"409",419,2000,"GCB","Tuittila","10.1046/j.1365-2486.2000.00341.x","http://onlinelibrary.wiley.com/doi/10.1046/j.1365-2486.2000.00341.x/full",5.813,"general ecology","site","present",FALSE,NA,NA,"not_specified","","",""
"412",422,2000,"American_Naturalist","Clauss","10.1086/303314","http://www.jstor.org/stable/10.1086/303314",5.813,"weather effects","site","present",TRUE,"1996","1997","site data","","",""
"416",426,2000,"American_Naturalist","Kaspari","10.1086/303313","http://www.jstor.org/stable/10.1086/303313",5.813,"general ecology","continental","implicit present",FALSE,NA,NA,"multiple sources","","",""
"431",441,2001,"PNAS","Nevo","10.1073/pnas.101109298","http://www.pnas.org/content/98/11/6233.full",4.391,"general ecology","regional","implicit past",FALSE,NA,NA,"multiple sources","","",""
"432",442,2001,"PNAS","Romero","10.1073/pnas.131091498","http://www.pnas.org/content/98/13/7366.full",4.391,"weather effects","site","present",FALSE,NA,NA,"not_specified","","",""
"447",457,2001,"Nature","Mysterud","10.1038/35074099","http://www.nature.com/nature/journal/v410/n6832/full/4101096a0.html",4.391,"climate change effects","regional","implicit past",TRUE,"1964","1998","station data","","",""
"448",458,2001,"Nature","Högberg","10.1038/35081058","http://www.nature.com/nature/journal/v411/n6839/full/411789a0.html",4.391,"general ecology","site","past",TRUE,"6/1/2000","8/1/2000","station data","","",""
"449",459,2001,"Ecology_Letters","Lyons","10.1046/j.1461-0248.2001.00235.x","http://onlinelibrary.wiley.com/doi/10.1046/j.1461-0248.2001.00235.x/pdf",4.809,"general ecology","site","present",FALSE,NA,NA,"station data","","",""
"454",464,2001,"Ecology_Letters","Joshi","10.1046/j.1461-0248.2001.00262.x","http://onlinelibrary.wiley.com/doi/10.1046/j.1461-0248.2001.00262.x/pdf",4.809,"general ecology","continental","past",FALSE,NA,NA,"not_specified","","",""
"457",467,2001,"Diversity_and_Distributions","Katz","10.1046/j.1472-4642.2001.00093.x","http://onlinelibrary.wiley.com/doi/10.1046/j.1472-4642.2001.00093.x/abstract",8.502,"general ecology","site","present",FALSE,NA,NA,"not_specified","","",""
"458",468,2001,"Diversity_and_Distributions","Kessler","10.1046/j.1472-4642.2001.00097.x","http://onlinelibrary.wiley.com/doi/10.1046/j.1472-4642.2001.00097.x/abstract",8.502,"general ecology","site","implicit present",FALSE,NA,NA,"multiple sources","","",""
"461",471,2002,"Diversity_and_Distributions","Farji-Brener","10.1046/j.1472-4642.2002.00133.x","http://onlinelibrary.wiley.com/doi/10.1046/j.1472-4642.2002.00133.x/abstract",8.502,"general ecology","site","present",FALSE,NA,NA,"not_specified","","",""
"464",474,2002,"Diversity_and_Distributions","Muster","10.1046/j.1472-4642.2002.00131.x","http://onlinelibrary.wiley.com/doi/10.1046/j.1472-4642.2002.00131.x/abstract",8.502,"general ecology","regional","present",FALSE,NA,NA,"atlas","","",""
"465",475,2002,"Diversity_and_Distributions","Sax","10.1046/j.1472-4642.2002.00147.x","http://onlinelibrary.wiley.com/doi/10.1046/j.1472-4642.2002.00147.x/abstract",8.502,"general ecology","regional","present",FALSE,NA,NA,"not_specified","","",""
"467",477,2002,"American_Naturalist","van Rensburg","10.1086/339464","http://www.jstor.org/stable/10.1086/339464",5.813,"general ecology","regional","implicit past",FALSE,NA,NA,"regional","","",""
"469",479,2003,"American_Naturalist","Francis","10.1086/368223","http://www.jstor.org/stable/10.1086/368223",5.813,"general ecology","global","present",FALSE,NA,NA,"multiple sources","","",""
"470",480,2004,"American_Naturalist","Langvatn","10.1086/383594","http://www.jstor.org/stable/10.1086/383594",5.813,"general ecology","regional","unclear",FALSE,NA,NA,"regional","","",""
"475",485,2004,"American_Naturalist","Preisser","10.1086/383620","http://www.jstor.org/stable/10.1086/383620",5.813,"weather effects","site","past",TRUE,"1969","2002","multiple sources","","",""
"477",487,2006,"American_Naturalist","Angilletta","10.1086/507880","http://www.jstor.org/stable/10.1086/507880",5.813,"general ecology","regional","implicit past",TRUE,"1975","2002","station data","","",""
"478",756,2015,"Journal_of_Ecology","Semmartin","10.1111/1365-2745.12343","",9.661,"weather effects","global","implicit past",TRUE,"1950","2000","multiple sources","","",""
"482",492,2010,"Nature","Gething","10.1038/nature09098","http://www.nature.com/nature/journal/v465/n7296/pdf/nature09098.pdf",4.167,"climate change effects","global","past",TRUE,"1901","2002","name_of_GCM","","",""
"483",493,2010,"Nature","Pen","10.1038/nature09512","http://www.nature.com/nature/journal/v468/n7322/pdf/nature09512.pdf",4.167,"weather effects","regional","implicit past",TRUE,"2000","2007","regional","","",""
"484",81,1981,"Journal_of_Ecology","Nobel","10.2307/2259632","www.jstor.org/stable/2259632",5.813,"general ecology","site","present",FALSE,NA,NA,"not_specified","none","no","no"
"485",495,2010,"Ecology_Letters","Bagchi","10.1111/j.1461-0248.2009.01397.x","http://onlinelibrary.wiley.com/store/10.1111/j.1461-0248.2009.01397.x/asset/j.1461-0248.2009.01397.x.pdf?v=1&t=i55p8vba&s=c779ac35e2b4fdfc110b9fc6820251ce819cefc1",4.167,"general ecology","site","present",TRUE,"1985","2004","not_specified","","",""
"490",500,2010,"Ecology_Letters","Cadotte","10.1111/j.1461-0248.2009.01405.x","http://onlinelibrary.wiley.com/store/10.1111/j.1461-0248.2009.01405.x/asset/j.1461-0248.2009.01405.x.pdf?v=1&t=i55pclhv&s=9ed48ca555666adb9fd9f97ef1dd498a36fe865e",4.167,"general ecology","site","implicit present",FALSE,NA,NA,"not_specified","","",""
"491",501,2010,"Ecology_Letters","Cheng","10.1111/j.1461-0248.2009.01421.x","http://onlinelibrary.wiley.com/store/10.1111/j.1461-0248.2009.01421.x/asset/j.1461-0248.2009.01421.x.pdf?v=1&t=i55pg08x&s=9f0a2beb6b534a22dcb845b9260c17bc7804f135",4.167,"climate change effects","site","present",FALSE,NA,NA,"not_specified","","",""
"493",503,2010,"Ecology_Letters","Walker","10.1111/j.1461-0248.2009.01434.x","http://onlinelibrary.wiley.com/store/10.1111/j.1461-0248.2009.01434.x/asset/j.1461-0248.2009.01434.x.pdf?v=1&t=i55pk9gz&s=51bc6cd2dfbeb797d08b1e8bb426eaeb637e0168",4.167,"climate change effects","regional","implicit past",TRUE,"1950","2000","not_specified","","",""
"494",109,1983,"PNAS","Mooney","","http://www.pnas.org/content/80/5/1295.abstract",4.809,"general ecology","site","present",FALSE,NA,NA,"not_specified","none","no","no"
"495",505,2010,"Journal_of_Ecology","Leishman","10.1111/j.1365-2745.2009.01608.x","http://onlinelibrary.wiley.com/doi/10.1111/j.1365-2745.2009.01608.x/full",4.391,"general ecology","continental","implicit present",FALSE,NA,NA,"not_specified","","",""
"497",507,2010,"Journal_of_Ecology","Robson","10.1111/j.1365-2745.2009.01609.x","http://onlinelibrary.wiley.com/doi/10.1111/j.1365-2745.2009.01609.x/full",4.391,"general ecology","site","present",FALSE,NA,NA,"not_specified","","",""
"498",508,2010,"Journal_of_Ecology","Ruijven","10.1111/j.1365-2745.2009.01603.x","http://onlinelibrary.wiley.com/doi/10.1111/j.1365-2745.2009.01603.x/full",4.391,"weather effects","site","present",FALSE,NA,NA,"site data","","",""
"499",509,2010,"Journal_of_Ecology","Ferry","10.1111/j.1365-2745.2009.01604.x","http://onlinelibrary.wiley.com/doi/10.1111/j.1365-2745.2009.01604.x/full",4.391,"general ecology","site","present",FALSE,NA,NA,"not_specified","","",""
"500",510,2010,"Journal_of_Ecology","Dornbush","10.1111/j.1365-2745.2009.01605.x","http://onlinelibrary.wiley.com/doi/10.1111/j.1365-2745.2009.01605.x/full",4.391,"general ecology","site","inconsistent",TRUE,"2003","2006","not_specified","","",""
"502",512,2010,"Journal_of_Ecology","Bartelheimer","10.1111/j.1365-2745.2009.01598.x","http://onlinelibrary.wiley.com/doi/10.1111/j.1365-2745.2009.01598.x/full",4.391,"general ecology","site","past",TRUE,"2006","2007","station data","","",""
"503",513,2010,"Journal_of_Ecology","Gonzalez","10.1111/j.1365-2745.2009.01607.x","http://onlinelibrary.wiley.com/doi/10.1111/j.1365-2745.2009.01607.x/full",4.391,"general ecology","site","present",FALSE,NA,NA,"not_specified","","",""
"504",514,2010,"Journal_of_Ecology","Cramer","10.1111/j.1365-2745.2009.01594.x","http://onlinelibrary.wiley.com/doi/10.1111/j.1365-2745.2009.01594.x/full",4.391,"general ecology","site","present",FALSE,NA,NA,"not_specified","","",""
"508",518,2010,"Journal_of_Ecology","Beckstead","10.1111/j.1365-2745.2009.01599.x","http://onlinelibrary.wiley.com/doi/10.1111/j.1365-2745.2009.01599.x/full",4.391,"general ecology","site","present",FALSE,NA,NA,"multiple sources","","",""
"509",519,2010,"Journal_of_Ecology","Dalgleish","10.1111/j.1365-2745.2009.01585.x","http://onlinelibrary.wiley.com/doi/10.1111/j.1365-2745.2009.01585.x/full",4.391,"climate change effects","site","inconsistent",TRUE,"1938","1972","not_specified","","",""
"516",132,1990,"Nature","Overpeck","","http://www.nature.com/nature/journal/v343/n6253/pdf/343051a0.pdf",9.449,"climate change effects","regional","past",FALSE,NA,NA,"not_specified","none","no","no"
"518",528,2010,"PNAS","Johnstone","10.1073/pnas.0915062107","http://www.pnas.org/content/107/10/4533.full.pdf",4.809,"climate change effects","regional","present",TRUE,"1951","2008","multiple sources","","",""
"520",530,2010,"PNAS","McCaffery","10.1073/pnas.0912945107","http://www.pnas.org/content/107/19/8644.full.pdf",4.809,"weather effects","site","past",TRUE,"2000","2008","station data","","",""
"521",531,2010,"PNAS","Yu","10.1073/pnas.1012490107","http://www.pnas.org/content/107/51/22151.full.pdf",4.809,"climate change effects","regional","implicit past",TRUE,"1982","2006","multiple sources","","",""
"523",533,2010,"PNAS","Harrison","10.1073/pnas.1006823107","http://www.pnas.org/content/107/45/19362.full.pdf",4.809,"climate change effects","regional","past",TRUE,"various start dates 1936, 1990","2010","multiple sources","","",""
"527",537,2010,"PNAS","Grant","10.1073/pnas.1015115107","http://www.pnas.org/content/107/47/20156.full.pdf",4.809,"weather effects","site","past",TRUE,"1993","1993","site data","","",""
"528",538,2010,"PNAS","Williams","10.1073/pnas.0914211107","http://www.pnas.org/content/107/50/21289.full.pdf",4.809,"climate change effects","regional","past",TRUE,"1895","2008","name_of_GCM","","",""
"529",539,2010,"Diversity_and_Distributions","Catford","10.1111/j.1472-4642.2009.00631.x","http://onlinelibrary.wiley.com/doi/10.1111/j.1472-4642.2009.00631.x/epdf",9.449,"general ecology","continental","present",FALSE,NA,NA,"not_specified","","",""
"530",540,2010,"Diversity_and_Distributions","Ellis","10.1111/j.1472-4642.2009.00624.x","http://onlinelibrary.wiley.com/doi/10.1111/j.1472-4642.2009.00624.x/epdf",9.449,"general ecology","regional","implicit past",TRUE,"1961","2000","regional","","",""
"531",541,2010,"Diversity_and_Distributions","Tang","10.1111/j.1472-4642.2009.00628.x","http://onlinelibrary.wiley.com/doi/10.1111/j.1472-4642.2009.00628.x/epdf",9.449,"climate change effects","regional","implicit past",TRUE,"1961","1990","name_of_GCM","","",""
"536",546,2010,"Diversity_and_Distributions","Yates","10.1111/j.1472-4642.2009.00623.x","http://onlinelibrary.wiley.com/doi/10.1111/j.1472-4642.2009.00623.x/epdf",9.449,"climate change effects","regional","inconsistent",TRUE,"1961","1990","station data","","",""
"538",134,1990,"Ecology","Denslow","10.2307/1940257","http://www.jstor.org/stable/1940257",9.449,"general ecology","site","present",FALSE,NA,NA,"not_specified","none","no","no"
"540",550,2010,"Diversity_and_Distributions","Kreyling","10.1111/j.1472-4642.2010.00675.x","http://onlinelibrary.wiley.com/doi/10.1111/j.1472-4642.2010.00675.x/epdf",9.449,"climate change effects","regional","present",TRUE,"1972","2005","station data","","",""
"541",551,2010,"Diversity_and_Distributions","Wang","10.1111/j.1472-4642.2010.00682.x","http://onlinelibrary.wiley.com/doi/10.1111/j.1472-4642.2010.00682.x/epdf",9.449,"general ecology","site","present",FALSE,NA,NA,"not_specified","","",""
"542",142,1990,"Journal_of_Ecology","Groves","10.2307/2261035","http://www.jstor.org/stable/2261035",40.137,"general ecology","site","present",TRUE,NA,NA,"not_specified","none","no","no"
"543",553,2010,"GCB","Musolin","10.1111/j.1365-2486.2009.01914.x","http://onlinelibrary.wiley.com/doi/10.1111/j.1365-2486.2009.01914.x/abstract",8.502,"general ecology","site","past",TRUE,"2006","2007","site data","","",""
"544",554,2010,"GCB","Clark","10.1111/j.1365-2486.2009.01983.x","http://onlinelibrary.wiley.com/doi/10.1111/j.1365-2486.2009.01983.x/abstract",8.502,"weather effects","regional","present",TRUE,"1930","2004","multiple sources","","",""
"549",559,2010,"GCB","Klapwijk","10.1111/j.1365-2486.2009.01918.x","http://onlinelibrary.wiley.com/doi/10.1111/j.1365-2486.2009.01918.x/abstract",8.502,"climate change effects","site","implicit past",TRUE,"3/6/2015","6/6/2015","station data","","",""
"550",560,2010,"GCB","Niu","10.1111/j.1365-2486.2009.01894.x","http://onlinelibrary.wiley.com/doi/10.1111/j.1365-2486.2009.01894.x/abstract",8.502,"general ecology","site","present",TRUE,"1953","2006","not_specified","","",""
"551",561,2010,"GCB","Jenkins","10.1111/j.1365-2486.2009.01954.x","http://onlinelibrary.wiley.com/doi/10.1111/j.1365-2486.2009.01954.x/abstract",8.502,"general ecology","site","present",FALSE,NA,NA,"not_specified","","",""
"552",562,2010,"GCB","Goldberg","10.1111/j.1365-2486.2009.02015.x","http://onlinelibrary.wiley.com/doi/10.1111/j.1365-2486.2009.02015.x/abstract",8.502,"general ecology","site","present",FALSE,NA,NA,"not_specified","","",""
"553",563,2010,"GCB","Ow","10.1111/j.1365-2486.2009.01892.x","http://onlinelibrary.wiley.com/doi/10.1111/j.1365-2486.2009.01892.x/abstract",8.502,"weather effects","site","inconsistent",FALSE,NA,NA,"not_specified","","",""
"555",565,2010,"GCB","Murphy","10.1111/j.1365-2486.2009.01933.x","http://onlinelibrary.wiley.com/doi/10.1111/j.1365-2486.2009.01933.x/abstract",8.502,"weather effects","continental","present",FALSE,NA,NA,"not_specified","","",""
"556",566,2010,"GCB","Bai","10.1111/j.1365-2486.2009.01950.x","http://onlinelibrary.wiley.com/doi/10.1111/j.1365-2486.2009.01950.x/abstract",8.502,"general ecology","site","present",FALSE,NA,NA,"not_specified","","",""
"557",567,2010,"GCB","Doi","10.1111/j.1365-2486.2009.01993.x","http://onlinelibrary.wiley.com/doi/10.1111/j.1365-2486.2009.01993.x/abstract",8.502,"climate change effects","regional","implicit past",TRUE,"1953","2005","station data","","",""
"558",263,1999,"Diversity_and_Distributions","Lamont","10.1046/j.1472-4642.1999.00032.x","http://www.jstor.org/stable/2673310",5.813,"general ecology","site","present",FALSE,NA,NA,"not_specified","none","no","no"
"559",569,2010,"American_Naturalist","Cooper","10.1086/656491","http://www.jstor.org/stable/10.1086/656491",8.502,"weather effects","site","past",TRUE,"2006","2006","site data","","",""
"560",750,2015,"Journal_of_Ecology","Jager","10.1111/1365-2745.12366","",9.661,"general ecology","site","present",FALSE,NA,NA,"not_specified","","",""
"561",571,2010,"Ecology","weather station mentioned but not clear whether rainfall data from station or from site data collection. NAIA: based on re-read changed tense: inconsistent-->present, confidence_in_tense: FALSE-->TRUE, climate_date_range: NA-->FALSE","10.2307/25661030","http://www.jstor.org/stable/25661030",5.813,"climate change effects","site","present",FALSE,NA,NA,"not_specified","","",""
"562",572,2010,"Ecology","Hunter","10.1890/09-1641.1","http://www.jstor.org/stable/20788114",5.813,"climate change effects","regional","present",FALSE,NA,NA,"not_specified","","",""
"564",548,2010,"Diversity_and_Distributions","Matthews","10.1111/j.1472-4642.2010.00638.x","http://onlinelibrary.wiley.com/doi/10.1111/j.1472-4642.2010.00638.x/epdf",9.449,"climate change effects","regional","present",FALSE,NA,NA,"site data","organization","no","no"
"568",578,2010,"Ecology","Murphy","10.2307/25661041","http://www.jstor.org/stable/25661041",5.813,"general ecology","site","unclear",FALSE,NA,NA,"multiple sources","","",""
"570",580,2010,"Ecology","Karhu","10.2307/25661063","http://www.jstor.org/stable/25661063",5.813,"climate change effects","site","implicit present",FALSE,NA,NA,"not_specified","","",""
"571",581,2010,"Ecology","Lebrija-Trejos","10.2307/25661065","http://www.jstor.org/stable/25661065",5.813,"general ecology","site","present",FALSE,NA,NA,"site data","","",""
"573",583,2010,"Ecology","Forrest","10.2307/25661069","http://www.jstor.org/stable/25661069",5.813,"climate change effects","site","implicit past",FALSE,NA,NA,"station data","","",""
"575",585,2010,"Ecology","Camill","10.2307/25661071","http://www.jstor.org/stable/29779523",5.813,"weather effects","site","implicit past",TRUE,"1988","2003","station data","","",""
"576",586,2010,"Ecology","Canham","10.1890/10-0312.1","",40.137,"climate change effects","regional","implicit past",FALSE,NA,NA,"name_of_GCM","","",""
"577",587,2010,"Ecology","Previtali","10.2307/25661083","http://www.jstor.org/stable/25661083",40.137,"weather effects","site","past",TRUE,"1990","2007","station data","","",""
"578",588,2010,"Ecology","McCain","10.2307/25661085","http://www.jstor.org/stable/25661085",40.137,"general ecology","global","implicit present",FALSE,NA,NA,"name_of_GCM","","",""
"579",589,2010,"Ecology","Piao","10.2307/25661099","http://www.jstor.org/stable/25661099",40.137,"weather effects","global","present",FALSE,NA,NA,"not_specified","","",""
"580",590,2010,"Ecology","Stien","10.2307/25661122","http://www.jstor.org/stable/25661122",40.137,"climate change effects","regional","implicit past",FALSE,NA,NA,"station data","","",""
"581",591,2011,"PNAS","Ellis","10.1073/pnas.1013006108","http://www.pnas.org/content/108/3/1070.full.pdf",4.809,"general ecology","site","past",TRUE,"1977","2005","station data","","",""
"582",592,2011,"PNAS","Melillo","10.1073/pnas.1018189108","http://www.pnas.org/content/108/23/9508.full.pdf",4.809,"climate change effects","site","present",FALSE,NA,NA,"not_specified","","",""
"584",594,2011,"PNAS","Mueller","10.1073/pnas.1015806108","http://www.pnas.org/content/108/10/4053.full.pdf",4.809,"general ecology","regional","present",FALSE,NA,NA,"name_of_GCM","","",""
"593",603,2015,"PNAS","Elmendorf","10.1073/pnas.1410088112","10.1073/pnas.1410088112",40.137,"climate change effects","continental","implicit past",TRUE,"1950","2000","name_of_GCM","","",""
"596",606,2015,"PNAS","Kelley","10.1073/pnas.1421533112","10.1073/pnas.1421533112",40.137,"climate change effects","regional","implicit past",TRUE,"1900","2011","multiple sources","","",""
"610",620,2015,"PNAS","Tack","10.1073/pnas.1415181112","10.1073/pnas.1415181112",40.137,"weather effects","regional","implicit past",TRUE,"1985","2013","station data","","",""
"611",621,2015,"Ecology","Razafindratsima","10.1890/14-0684.1","",40.137,"general ecology","regional","present",FALSE,NA,NA,"not_specified","","",""
"612",622,2015,"Ecology","Milodowski","10.1890/14-0649.1","",40.137,"general ecology","regional","present",FALSE,NA,NA,"name_of_GCM","","",""
"613",623,2015,"Ecology","Alvarez-Cansino","10.1890/14-1002.1","",40.137,"general ecology","site","present",FALSE,NA,NA,"not_specified","","",""
"614",624,2015,"Ecology","Uboni","10.1890/13-2116.1","",40.137,"general ecology","site","present",FALSE,NA,NA,"not_specified","","",""
"635",645,2015,"Nature","Doughty","10.1038/nature14213","",40.137,"weather effects","regional","implicit past",TRUE,"1998","2012","multiple sources","","",""
"645",655,2015,"Nature","Fu","10.1038/nature15402","",40.137,"climate change effects","continental","past",TRUE,"1980","2013","multiple sources","","",""
"650",660,2015,"Nature","Rowland","10.1038/nature15539","",40.137,"weather effects","site","present",FALSE,NA,NA,"not_specified","","",""
"651",661,2015,"GCB","Youngsteadt","10.1111/gcb.12692","",40.137,"climate change effects","regional","implicit past",TRUE,"1895","2013","name_of_GCM","","",""
"652",662,2015,"GCB","Kozlov","10.1111/gcb.12682","",40.137,"general ecology","continental","implicit past",TRUE,"2007","2010","station data","","",""
"656",216,1995,"GCB","STRATHDEE","10.1111/j.1365-2486.1995.tb00003.x","http://onlinelibrary.wiley.com/doi/10.1111/j.1365-2486.1995.tb00003.x/abstract",4.167,"climate change effects","site","past",TRUE,"1993","1993","site data","own measurements","no","no"
"657",747,2015,"Journal_of_Ecology","Farrer","10.1111/1365-2745.12363","",9.661,"climate change effects","site","implicit past",TRUE,"2006","2012","not_specified","","",""
"658",754,2015,"Journal_of_Ecology","Rudgers","10.1111/1365-2745.12338","",9.661,"climate change effects","site","implicit past",TRUE,"2011","2013","site data","own measurements","yes","yes"
"662",198,1992,"PNAS","Ulmasov","10.1073/pnas.89.5.1666","http://www.pnas.org/content/89/5/1666.full.pdf+html",4.167,"general ecology","global","implicit present",FALSE,NA,NA,"not_specified","paper","no","unclear"
"663",574,2010,"Ecology","Barton","10.1890/09-2278.1","http://www.jstor.org/stable/20788107 ",5.813,"climate change effects","site","present",FALSE,NA,NA,"not_specified","paper","no","no"
"671",681,2015,"American_Naturalist","Collins","https://doi.org/10.1086/679315","",9.661,"climate change effects","site","past",TRUE,"1989","2008","station data","","",""
"672",682,2015,"American_Naturalist","Laiolo","https://doi.org/10.1086/679348","",9.661,"general ecology","site","present",FALSE,NA,NA,"not_specified","","",""
"675",685,2015,"American_Naturalist","Treddenick","https://doi.org/10.1086/680475","",9.661,"general ecology","regional","implicit present",FALSE,NA,NA,"not_specified","","",""
"676",686,2015,"American_Naturalist","Wüest","https://doi.org/10.1086/680551","",9.661,"general ecology","global","present",FALSE,NA,NA,"name_of_GCM","","",""
"691",701,2015,"Diversity_and_Distributions","Bucklin","10.1111/ddi.12247","",9.661,"general ecology","regional","implicit past",TRUE,"1981","2010","name_of_GCM","","",""
"692",702,2015,"Diversity_and_Distributions","Mahoney","10.1111/ddi.12240","",9.661,"general ecology","regional","implicit present",FALSE,NA,NA,"not_specified","","",""
"700",673,2015,"GCB","Drake","10.1111/gcb.12729","",9.661,"climate change effects","continental","implicit past",FALSE,NA,NA,"station data","paper","no","no"
"701",719,2015,"Diversity_and_Distributions","Daru","10.1111/ddi.12290","",9.661,"weather effects","regional","implicit present",FALSE,NA,NA,"name_of_GCM","paper","no","no"
"709",488,2010,"Nature","Wolf","10.1038/nature08931","http://www.nature.com/nature/journal/v464/n7290/pdf/nature08931.pdf",4.167,"weather effects","regional","present",FALSE,NA,NA,"name_of_GCM","database and paper","no","unclear"
"711",721,2015,"Ecology_Letters","Lu","10.1111/ele.12391","",9.661,"climate change effects","regional","implicit past",TRUE,"1960","2010","station data","","",""
"731",741,2015,"Journal_of_Ecology","Benchimol","10.1111/1365-2745.12371","",9.661,"general ecology","regional","present",FALSE,NA,NA,"not_specified","","",""
"732",742,2015,"Journal_of_Ecology","Bernard-Verdier","10.1111/1365-2745.12341","",9.661,"general ecology","regional","present",FALSE,NA,NA,"not_specified","","",""
"737",494,2010,"Ecology_Letters","Cheng-Yuan","10.1111/j.1461-0248.2009.01395.x","http://onlinelibrary.wiley.com/store/10.1111/j.1461-0248.2009.01395.x/asset/j.1461-0248.2009.01395.x.pdf?v=1&t=i55p7i2w&s=d44f84e722a8956d8d6b6fc0ebfa110995710db3",4.167,"general ecology","regional","unclear",FALSE,NA,NA,"multiple sources","database and paper","no","unclear"
"738",710,2015,"Diversity_and_Distributions","Pekarsky","10.1111/ddi.12306","",9.661,"general ecology","continental","implicit present",FALSE,NA,NA,"name_of_GCM","database and paper","yes","no"
"739",748,2015,"Journal_of_Ecology","Finegan","10.1111/1365-2745.12346","",9.661,"general ecology","site","implicit present",FALSE,NA,NA,"not_specified","paper","no","no"
"740",753,2015,"Journal_of_Ecology","Prieto","10.1111/1365-2745.12351","",9.661,"general ecology","global","present",FALSE,NA,NA,"not_specified","","",""
"741",711,2015,"Diversity_and_Distributions","Thomson","10.1111/ddi.12294","",9.661,"general ecology","regional","implicit present",TRUE,"1989","2009","not_specified","report","no","unclear"
"742",752,2015,"Journal_of_Ecology","Piper","10.1111/1365-2745.12356","",9.661,"general ecology","site","present",FALSE,NA,NA,"station data","","",""
"743",552,2010,"GCB","Pearce-Higgins","10.1111/j.1365-2486.2009.01883.x","http://onlinelibrary.wiley.com/doi/10.1111/j.1365-2486.2009.01883.x/abstract",9.449,"climate change effects","site","past",TRUE,"1972","2005","multiple sources","weather stations","no","no"
"744",672,2015,"GCB","Holz","10.1111/gcb.12674","",9.661,"climate change effects","site","present",FALSE,NA,NA,"station data","weather stations","no","no"
"745",755,2015,"Journal_of_Ecology","Schworer","10.1111/1365-2745.12354","",9.661,"climate change effects","site","present",FALSE,NA,NA,"station data","","",""
"746",749,2015,"Journal_of_Ecology","Holmgren","10.1111/1365-2745.12331","",9.661,"general ecology","site","implicit past",TRUE,"1970","2010","station data","weather stations","yes","yes"
"747",757,2015,"Journal_of_Ecology","Spear","10.1111/1365-2745.12339","",9.661,"weather effects","site","present",FALSE,NA,NA,"not_specified","","",""
"748",751,2015,"Journal_of_Ecology","Lazaro-Nogal","10.1111/1365-2745.12372","",9.661,"climate change effects","regional","past",TRUE,"1921","2012","station data","","",""
"749",758,2015,"Journal_of_Ecology","Standish","10.1111/1365-2745.12301","",9.661,"climate change effects","site","past",TRUE,"1992","2001","station data","weather stations","no","yes"
"750",760,2015,"Journal_of_Ecology","Wadgymar","10.1111/1365-2745.12362","",9.661,"general ecology","site","past",FALSE,NA,NA,"station data","","",""
"751",761,2015,"Ecology_Letters","Prober","10.1111/ele.12381","",9.661,"general ecology","global","implicit present",FALSE,NA,NA,"name_of_GCM","","",""
"752",762,2015,"Ecology_Letters","Allan","10.1111/ele.12469","",9.661,"general ecology","regional","present",FALSE,NA,NA,"not_specified","","",""
